ID,USERNAME,FIRSTNAME,LASTNAME,EMAIL,PASSWORD,PHONE,USERSTATUS
1,rlyddyard0,Ricca,Lyddyard,rlyddyard0@soundcloud.com,QBLMTUg,+353-741-643-6572,11
2,mgittose1,Mariquilla,Gittose,mgittose1@goodreads.com,K4hvua,+353-982-819-5746,3
3,hduchan2,Hortense,Duchan,hduchan2@goo.gl,JrsjmRKc5fwQ,+381-851-407-5542,3
4,mluna3,Mireille,Luna,mluna3@scientificamerican.com,ikshrtGE,+598-112-792-8200,89
5,hmott4,Hollie,Mott,hmott4@archive.org,HHHiaxk7kKlc,+33-446-948-8252,77
6,ogyorffy5,Ogden,Gyorffy,ogyorffy5@psu.edu,jOsUltbhj,+687-545-156-5139,23
7,hcoalburn6,Harmonie,Coalburn,hcoalburn6@ibm.com,x6ym5ayxolbU,+351-154-619-4235,30
8,ggoalley7,George,Goalley,ggoalley7@wordpress.org,AS6leMJKr,+86-406-763-2182,78
9,brosander8,Bethena,Rosander,brosander8@blog.com,z4ZAbMBo,+86-615-603-6382,89
10,fmaulden9,Faber,Maulden,fmaulden9@vk.com,eQEBkVi11,+86-450-296-9725,26
11,econnala,Evonne,Connal,econnala@ezinearticles.com,gEoSBcqMu,+62-283-594-3488,78
12,bmceneryb,Bertrand,McEnery,bmceneryb@soundcloud.com,PAJCf16,+351-905-837-9785,30
13,zcodnerc,Zsazsa,Codner,zcodnerc@amazon.co.uk,8IVQhXE,+86-661-276-5474,47
14,dcrewdsond,Drusilla,Crewdson,dcrewdsond@goodreads.com,skux7uqC,+48-347-520-4805,77
15,ktrette,Krystyna,Trett,ktrette@redcross.org,EI2bIY,+86-278-285-8496,9
16,mlowtenf,Marshall,Lowten,mlowtenf@tripod.com,F7X3hFS,+7-985-939-8989,89
17,tspinolag,Thane,Spinola,tspinolag@sphinn.com,KyvXBOTmun,+30-669-469-8273,89
18,nlagrangeh,Neall,La Grange,nlagrangeh@bravesites.com,rAzjd5,+46-466-375-8591,9
19,hcordreyi,Harlan,Cordrey,hcordreyi@virginia.edu,mFqhaw,+7-144-389-0224,23
20,tevamyj,Turner,Evamy,tevamyj@jimdo.com,taZ9CgEL4MDl,+351-279-757-4284,45
21,baddicotek,Bayard,Addicote,baddicotek@themeforest.net,ChVvoc,+86-404-600-0283,1
22,mpughl,Marjy,Pugh,mpughl@nba.com,LqLVclDcWyu,+420-873-115-8933,47
23,kskokoem,Kayley,Skokoe,kskokoem@1und1.de,5LTOB4RcWN3L,+351-611-497-5985,78
24,dsenyardn,Dorella,Senyard,dsenyardn@wikispaces.com,iS5TYy,+970-480-162-4952,74
25,cpottso,Cathlene,Potts,cpottso@cnbc.com,qPS6Cub0A,+86-612-118-7814,1
26,mmoggiep,Mariette,Moggie,mmoggiep@china.com.cn,pLrbH4mfMQWf,+44-813-616-5642,98
27,ascourgieq,Aylmer,Scourgie,ascourgieq@goodreads.com,BL6iiHRyWhq,+62-812-565-7061,4
28,abaumberr,Aleta,Baumber,abaumberr@themeforest.net,3lI5PtxFj,+86-331-991-9897,45
29,mpotterils,Matt,Potteril,mpotterils@ycombinator.com,5ezRiS9bp,+966-546-320-6901,8
30,ascadingt,Ada,Scading,ascadingt@unc.edu,Y4nZEbM,+62-301-141-6469,74